Timestep,Spoofers,Faulty,Intermittent,Honest
0,0.050000000000000065,0.050000000000000065,0.050000000000000065,0.050000000000000065
1,0.0,0.0,0.0,0.0
2,0.0,0.0,0.0,0.0
3,0.0,0.0,0.0,0.0
4,0.0,0.0,0.0,0.0
5,0.0,0.0,0.0,0.0
6,0.0,0.0,0.0,0.0
7,0.0,0.0,0.0,0.0
8,0.0,0.0,0.0,0.0
9,0.0,0.0,0.0,0.0
10,0.0,0.0,0.0,0.0
11,0.0,0.0,0.0,7.142857142857143e-05
12,0.0,0.0,0.0,7.142857142857143e-05
13,0.0,0.0,0.0,7.142857142857143e-05
14,0.0,0.0,0.0,0.00014285714285714287
15,0.0,0.0,0.0,7.142857142857143e-05
16,0.0,0.0,0.0,0.00014285714285714287
17,0.0,0.0,0.0005,0.00014285714285714287
18,0.0,0.0,0.0,7.142857142857143e-05
19,0.0,0.0,0.0,0.00028571428571428574
20,0.0,0.0,0.0005,0.00035714285714285714
21,0.0,0.0,0.0005,0.00042857142857142855
22,0.0,0.0,0.0005,0.0004285714285714286
23,0.0,0.0,0.0005,0.00042857142857142855
24,0.0,0.0,0.0,0.00042857142857142855
25,0.0,0.0,0.0005,0.0005714285714285715
26,0.0,0.0,0.0,0.0005714285714285715
27,0.0,0.0,0.0005,0.0005
28,0.0,0.0,0.0005,0.00042857142857142855
29,0.0,0.0,0.0005,0.0005714285714285715
30,0.0,0.0,0.0005,0.001142857142857143
31,0.0,0.0,0.0,0.001142857142857143
32,0.0,0.0,0.0,0.001142857142857143
33,0.0,0.0,0.001,0.0010714285714285715
34,0.0,0.0,0.0,0.0014285714285714286
35,0.0,0.0,0.001,0.0018571428571428571
36,0.0,0.0,0.001,0.0022142857142857146
37,0.0,0.0,0.002,0.0025714285714285717
38,0.0,0.0,0.001,0.002928571428571429
39,0.0,0.0,0.0025,0.0025
40,0.0,0.0,0.0025,0.002785714285714286
41,0.0,0.0,0.0025,0.0034285714285714293
42,0.0,0.0,0.0025,0.003357142857142857
43,0.0,0.0,0.006500000000000001,0.0038571428571428576
44,0.0,0.0,0.007499999999999998,0.005
45,0.0,0.0,0.003,0.006928571428571428
46,0.0,0.0,0.0055000000000000005,0.007928571428571427
47,0.0,0.0,0.009,0.007357142857142857
48,0.0,0.0,0.0045000000000000005,0.010214285714285717
49,0.0,0.0,0.002,0.011714285714285719
50,0.0,0.0,0.0075000000000000015,0.014928571428571433
51,0.0,0.0,0.006499999999999999,0.016714285714285723
52,0.0,0.0,0.0095,0.01985714285714287
53,0.0,0.0,0.007000000000000001,0.022642857142857162
54,0.0,0.0,0.010499999999999999,0.02507142857142859
55,0.0,0.0,0.0049999999999999975,0.029214285714285738
56,0.0,0.0,0.0055,0.03364285714285717
57,0.0,0.0,0.008,0.03764285714285717
58,0.0,0.0,0.014000000000000002,0.04114285714285718
59,0.0,0.0,0.018500000000000003,0.04328571428571432
60,0.0,0.0,0.02300000000000001,0.047571428571428605
61,0.0,0.0,0.02100000000000001,0.04835714285714289
62,0.0,0.0,0.021500000000000016,0.05221428571428576
63,0.0,0.0,0.03100000000000002,0.05707142857142863
64,0.0,0.0,0.03250000000000002,0.062285714285714326
65,0.0,0.0,0.028500000000000032,0.06792857142857146
66,0.0,0.0,0.03900000000000003,0.07078571428571433
67,0.0,0.0,0.04000000000000004,0.07578571428571433
68,0.0,0.0,0.053500000000000034,0.08200000000000006
69,0.0,0.0,0.05900000000000005,0.09235714285714292
70,0.0,0.0,0.07200000000000006,0.1029285714285715
71,0.0,0.0,0.07550000000000008,0.11414285714285723
72,0.0,0.0,0.09250000000000008,0.12550000000000006
73,0.0,0.0,0.1200000000000001,0.1350000000000001
74,0.0,0.0,0.13050000000000012,0.1500000000000001
75,0.0,0.0,0.1470000000000001,0.17085714285714296
76,0.0,0.0,0.17600000000000013,0.18771428571428583
77,0.0,0.0,0.19300000000000014,0.21000000000000013
78,0.0,0.0,0.22200000000000014,0.22957142857142868
79,0.0,0.0,0.25050000000000017,0.25635714285714295
80,0.0,0.0,0.28500000000000014,0.27857142857142875
81,0.0,0.0,0.31400000000000017,0.30914285714285733
82,0.0,0.0,0.3470000000000002,0.33671428571428585
83,0.0,0.0,0.38300000000000023,0.36250000000000016
84,0.0,0.0,0.4245000000000001,0.3885714285714288
85,0.0,0.0,0.43900000000000017,0.41285714285714303
86,0.0,0.0,0.4525000000000001,0.43464285714285733
87,0.0,0.0,0.49250000000000005,0.4470714285714288
88,0.0,0.0,0.5080000000000002,0.4672857142857145
89,0.0,0.0,0.5350000000000001,0.4834285714285717
90,0.0,0.0,0.5455000000000002,0.5000000000000002
91,0.0,0.0,0.5590000000000002,0.5141428571428572
92,0.0,0.0,0.5570000000000002,0.5165714285714287
93,0.0,0.0,0.5630000000000004,0.522214285714286
94,0.0,0.0,0.5760000000000002,0.5314285714285716
95,0.0,0.0,0.5775,0.5405714285714288
96,0.0,0.0,0.5925,0.5424285714285716
97,0.0,0.0,0.6160000000000002,0.5500714285714287
98,0.0,0.0,0.6280000000000001,0.5612857142857145
99,0.0,0.0,0.6365000000000002,0.5689285714285717
100,0.0,0.0,0.6340000000000001,0.5785000000000002
101,0.0,0.0,0.6535,0.5867142857142859
102,0.0,0.0,0.6585000000000001,0.5957142857142858
103,0.0,0.0,0.6745000000000001,0.6054285714285715
104,0.0,0.0,0.6689999999999999,0.6132857142857144
105,0.0,0.0,0.6519999999999999,0.6206428571428573
106,0.0,0.0,0.665,0.6270714285714287
107,0.0,0.0,0.673,0.6380714285714286
108,0.0,0.0,0.6755000000000001,0.6425714285714287
109,0.0,0.0,0.6499999999999999,0.6566428571428572
110,0.0,0.0,0.6565,0.6608571428571429
111,0.0,0.0,0.685,0.6710000000000002
112,0.0,0.0,0.6859999999999999,0.6769285714285715
113,0.0,0.0,0.6975,0.6811428571428573
114,0.0,0.0,0.6925000000000001,0.6912142857142858
115,0.0,0.0,0.704,0.6985714285714286
116,0.0,0.0,0.7020000000000002,0.705857142857143
117,0.0,0.0,0.7200000000000001,0.7125714285714286
118,0.0,0.0,0.7210000000000001,0.7159285714285715
119,0.0,0.0,0.7380000000000002,0.7245000000000001
120,0.0,0.0,0.7470000000000001,0.7349285714285715
121,0.0,0.0,0.7550000000000001,0.7437142857142858
122,0.0,0.0,0.7630000000000001,0.7580000000000002
123,0.0,0.0,0.7870000000000001,0.7707857142857145
124,0.0,0.0,0.8060000000000003,0.7829285714285716
125,0.0,0.0,0.8350000000000002,0.7975000000000001
126,0.0,0.0,0.8420000000000002,0.8084285714285715
127,0.0,0.0,0.8555000000000001,0.8235000000000001
128,0.0,0.0,0.8740000000000002,0.8336428571428574
129,0.0,0.0,0.8825000000000001,0.8471428571428573
130,0.0,0.0,0.9025000000000002,0.859857142857143
131,0.0,0.0,0.9200000000000002,0.8692857142857144
132,0.0,0.0,0.9129999999999999,0.8766428571428572
133,0.0,0.0,0.9185000000000001,0.8837857142857143
134,0.0,0.0,0.9200000000000002,0.8941428571428571
135,0.0,0.0,0.9335000000000001,0.9053571428571429
136,0.0,0.0,0.9385,0.9157857142857143
137,0.0,0.0,0.9530000000000001,0.9252857142857144
138,0.0,0.0,0.9494999999999999,0.9304285714285714
139,0.0,0.0,0.9515,0.9370714285714288
140,0.0,0.0,0.9675,0.9485000000000001
141,0.0,0.0,0.9685,0.9571428571428572
142,0.0,0.0,0.9755,0.9582142857142859
143,0.0,0.0,0.9745000000000001,0.9680000000000003
144,0.0,0.0,0.9725000000000001,0.9760000000000001
145,0.0,0.0,0.969,0.980642857142857
146,0.0,0.0,0.974,0.9817142857142857
147,0.0,0.0,0.9875,0.9842142857142858
148,0.0,0.0,0.993,0.9812857142857142
149,0.0,0.0,0.993,0.9821428571428571
150,0.0,0.0,0.9914999999999999,0.9845714285714285
151,0.0,0.0,0.992,0.9864999999999999
152,0.0,0.0,0.9839999999999998,0.9846428571428572
153,0.0,0.0,0.9955,0.9818571428571428
154,0.0,0.0,0.992,0.9828571428571428
155,0.0,0.0,0.9904999999999999,0.9849285714285715
156,0.0,0.0,0.9949999999999999,0.9817857142857142
157,0.0,0.0,0.9914999999999999,0.9847857142857143
158,0.0,0.0,0.9904999999999999,0.9855
159,0.0,0.0,0.992,0.9875714285714285
160,0.0,0.0,0.9845,0.9871428571428571
161,0.0,0.0,0.9890000000000001,0.9843571428571428
162,0.0,0.0,0.9925,0.9842857142857143
163,0.0,0.0,0.9955,0.9851428571428572
164,0.0,0.0,0.9869999999999999,0.9877857142857143
165,0.0,0.0,0.9874999999999998,0.9894285714285715
166,0.0,0.0,0.9884999999999999,0.992
167,0.0,0.0,0.9890000000000001,0.9910714285714286
168,0.0,0.0,0.9890000000000001,0.9908571428571429
169,0.0,0.0,0.9959999999999999,0.9908571428571429
170,0.0,0.0,0.9945,0.9892857142857143
171,0.0,0.0,0.993,0.989357142857143
172,0.0,0.0,0.984,0.9884999999999999
173,0.0,0.0,0.99,0.9904285714285717
174,0.0,0.0,0.9949999999999999,0.9898571428571428
175,0.0,0.0,0.9905000000000002,0.9894285714285713
176,0.0,0.0,0.999,0.9888571428571429
177,0.0,0.0,0.986,0.9904285714285717
178,0.0,0.0,0.984,0.9880714285714285
179,0.0,0.0,0.9964999999999999,0.9907857142857142
180,0.0,0.0,0.9904999999999999,0.9911428571428571
181,0.0,0.0,0.9809999999999999,0.9901428571428572
182,0.0,0.0,0.978,0.9890714285714286
183,0.0,0.0,0.9929999999999998,0.9875
184,0.0,0.0,0.9915,0.9879285714285715
185,0.0,0.0,0.9935,0.9886428571428572
186,0.0,0.0,0.9865,0.986
187,0.0,0.0,0.985,0.9893571428571428
188,0.0,0.0,0.991,0.9922142857142857
189,0.0,0.0,0.994,0.9873571428571429
190,0.0,0.0,0.9855,0.9899285714285713
191,0.0,0.0,0.9814999999999999,0.9882142857142857
192,0.0,0.0,0.9869999999999999,0.9851428571428571
193,0.0,0.0,0.9815000000000002,0.9869999999999999
194,0.0,0.0,0.9935,0.9895714285714288
195,0.0,0.0,0.9804999999999999,0.9894285714285713
196,0.0,0.0,0.983,0.9892142857142858
197,0.0,0.0,0.985,0.9872142857142856
198,0.0,0.0,0.9880000000000001,0.9900714285714287
199,0.0,0.0,0.9915,0.9865714285714287
200,0.0,0.0,0.7689999999999998,0.9889999999999999
201,0.0,0.0,0.5259999999999998,0.9906428571428572
202,0.0,0.0,0.2739999999999997,0.9880714285714285
203,0.0,0.0,0.08899999999999988,0.986
204,0.0,0.0,0.024999999999999963,0.9902142857142857
205,0.0,0.0,0.006500000000000001,0.9926428571428572
206,0.0,0.0,0.0055,0.9902142857142857
207,0.0,0.0,0.0075000000000000015,0.9868571428571429
208,0.0,0.0,0.0055,0.9885000000000002
209,0.0,0.0,0.0085,0.9880714285714285
210,0.0,0.0,0.0055,0.987857142857143
211,0.0,0.0,0.0075,0.99
212,0.0,0.0,0.008,0.9883571428571429
213,0.0,0.0,0.008499999999999999,0.9899285714285715
214,0.0,0.0,0.007000000000000001,0.988142857142857
215,0.0,0.0,0.0045,0.9890714285714286
216,0.0,0.0,0.0085,0.9917142857142855
217,0.0,0.0,0.004999999999999999,0.9852142857142857
218,0.0,0.0,0.007000000000000001,0.9861428571428572
219,0.0,0.0,0.003,0.9844999999999999
220,0.0,0.0,0.0105,0.9880714285714285
221,0.0,0.0,0.004499999999999999,0.9871428571428571
222,0.0,0.0,0.003,0.9902142857142857
223,0.0,0.0,0.0055,0.9897142857142858
224,0.0,0.0,0.006500000000000001,0.9872857142857143
225,0.0,0.0,0.0095,0.9895
226,0.0,0.0,0.0025,0.99
227,0.0,0.0,0.0085,0.9867857142857142
228,0.0,0.0,0.003,0.9891428571428571
229,0.0,0.0,0.013500000000000003,0.9880714285714287
230,0.0,0.0,0.0085,0.9889999999999999
231,0.0,0.0,0.008,0.9910000000000001
232,0.0,0.0,0.006500000000000001,0.9897857142857143
233,0.0,0.0,0.0055,0.9909285714285716
234,0.0,0.0,0.003,0.9914285714285715
235,0.0,0.0,0.007000000000000001,0.9929999999999999
236,0.0,0.0,0.008000000000000002,0.9915714285714285
237,0.0,0.0,0.0085,0.9919285714285715
238,0.0,0.0,0.005999999999999999,0.9917142857142855
239,0.0,0.0,0.003,0.9884285714285714
240,0.0,0.0,0.009,0.9874285714285715
241,0.0,0.0,0.0035000000000000005,0.9888571428571429
242,0.0,0.0,0.005,0.9864285714285714
243,0.0,0.0,0.005,0.987857142857143
244,0.0,0.0,0.0075,0.9875
245,0.0,0.0,0.007000000000000001,0.9915
246,0.0,0.0,0.002,0.9899285714285715
247,0.0,0.0,0.006500000000000001,0.9875714285714285
248,0.0,0.0,0.0085,0.9900000000000002
249,0.0,0.0,0.013000000000000001,0.9872857142857144
250,0.0,0.0,0.0075000000000000015,0.9901428571428572
251,0.0,0.0,0.009000000000000001,0.9860000000000001
252,0.0,0.0,0.004,0.9869285714285714
253,0.0,0.0,0.0095,0.9882857142857142
254,0.0,0.0,0.004999999999999999,0.9891428571428571
255,0.0,0.0,0.005,0.9874285714285715
256,0.0,0.0,0.003,0.9890714285714286
257,0.0,0.0,0.006,0.9927857142857144
258,0.0,0.0,0.005,0.9945000000000002
259,0.0,0.0,0.012,0.9922857142857142
260,0.0,0.0,0.0025,0.9910000000000001
261,0.0,0.0,0.009,0.9887142857142857
262,0.0,0.0,0.0055,0.9909285714285714
263,0.0,0.0,0.007000000000000001,0.9929285714285714
264,0.0,0.0,0.008500000000000002,0.9905714285714287
265,0.0,0.0,0.0115,0.9880714285714285
266,0.0,0.0,0.006,0.9908571428571429
267,0.0,0.0,0.0045,0.9920714285714285
268,0.0,0.0,0.0045000000000000005,0.9889285714285714
269,0.0,0.0,0.009000000000000001,0.9885714285714287
270,0.0,0.0,0.007000000000000001,0.988
271,0.0,0.0,0.008,0.9920714285714285
272,0.0,0.0,0.004999999999999999,0.9888571428571429
273,0.0,0.0,0.0055,0.9897142857142858
274,0.0,0.0,0.01,0.9937857142857143
275,0.0,0.0,0.004999999999999999,0.9912142857142856
276,0.0,0.0,0.005,0.9905714285714287
277,0.0,0.0,0.006,0.991357142857143
278,0.0,0.0,0.0085,0.9911428571428571
279,0.0,0.0,0.008,0.9904999999999999
280,0.0,0.0,0.0115,0.9867142857142857
281,0.0,0.0,0.004,0.9882857142857144
282,0.0,0.0,0.006,0.9867857142857144
283,0.0,0.0,0.004999999999999999,0.9882857142857144
284,0.0,0.0,0.008499999999999999,0.9873571428571429
285,0.0,0.0,0.008,0.9919285714285715
286,0.0,0.0,0.004,0.9893571428571428
287,0.0,0.0,0.005,0.9871428571428571
288,0.0,0.0,0.004999999999999999,0.9861428571428572
289,0.0,0.0,0.006500000000000001,0.9903571428571429
290,0.0,0.0,0.0055,0.9892142857142858
291,0.0,0.0,0.007000000000000001,0.9836428571428572
292,0.0,0.0,0.011,0.9842857142857143
293,0.0,0.0,0.007000000000000001,0.987857142857143
294,0.0,0.0,0.006500000000000001,0.9871428571428571
295,0.0,0.0,0.0055000000000000005,0.9865714285714287
296,0.0,0.0,0.0045,0.9897142857142858
297,0.0,0.0,0.006500000000000001,0.9924999999999999
298,0.0,0.0,0.006500000000000001,0.990142857142857
299,0.0,0.0,0.003,0.9893571428571428
300,0.0,0.0,0.004,0.9922142857142859
301,0.0,0.0,0.002,0.9902857142857142
302,0.0,0.0,0.0035000000000000005,0.9858571428571428
303,0.0,0.0,0.006500000000000001,0.9871428571428571
304,0.0,0.0,0.010499999999999999,0.9928571428571429
305,0.0,0.0,0.006,0.9854285714285714
306,0.0,0.0,0.007000000000000001,0.9866428571428573
307,0.0,0.0,0.006500000000000001,0.9907142857142857
308,0.0,0.0,0.0075000000000000015,0.9873571428571428
309,0.0,0.0,0.005,0.9887142857142857
310,0.0,0.0,0.006500000000000001,0.9872857142857143
311,0.0,0.0,0.009,0.989857142857143
312,0.0,0.0,0.0025,0.9927857142857144
313,0.0,0.0,0.0035000000000000005,0.9891428571428573
314,0.0,0.0,0.006999999999999999,0.9871428571428571
315,0.0,0.0,0.0085,0.9897142857142858
316,0.0,0.0,0.0075,0.9923571428571429
317,0.0,0.0,0.008000000000000002,0.9911428571428571
318,0.0,0.0,0.0075000000000000015,0.9881428571428572
319,0.0,0.0,0.0055,0.9880000000000001
320,0.0,0.0,0.005,0.9902142857142857
321,0.0,0.0,0.004,0.9890714285714286
322,0.0,0.0,0.0075,0.9889285714285714
323,0.0,0.0,0.006500000000000001,0.9870000000000001
324,0.0,0.0,0.0085,0.9892857142857143
325,0.0,0.0,0.004,0.986
326,0.0,0.0,0.0045000000000000005,0.9873571428571429
327,0.0,0.0,0.006500000000000001,0.988
328,0.0,0.0,0.006999999999999999,0.9897857142857143
329,0.0,0.0,0.007000000000000001,0.9889285714285714
330,0.0,0.0,0.007000000000000001,0.991642857142857
331,0.0,0.0,0.008000000000000002,0.9942142857142857
332,0.0,0.0,0.004999999999999999,0.9919285714285715
333,0.0,0.0,0.007000000000000001,0.9872857142857141
334,0.0,0.0,0.0055,0.989857142857143
335,0.0,0.0,0.0055,0.9876428571428573
336,0.0,0.0,0.009000000000000001,0.9902142857142857
337,0.0,0.0,0.006500000000000001,0.9917857142857145
338,0.0,0.0,0.005,0.991642857142857
339,0.0,0.0,0.0045000000000000005,0.9897142857142858
340,0.0,0.0,0.009,0.9944285714285717
341,0.0,0.0,0.01,0.9917857142857143
342,0.0,0.0,0.0045,0.9911428571428571
343,0.0,0.0,0.0075,0.9875
344,0.0,0.0,0.0035000000000000005,0.9907857142857142
345,0.0,0.0,0.012,0.9873571428571429
346,0.0,0.0,0.006500000000000001,0.9895714285714285
347,0.0,0.0,0.0045,0.9892142857142856
348,0.0,0.0,0.008,0.9904285714285717
349,0.0,0.0,0.006500000000000001,0.9869285714285715
350,0.0,0.0,0.006,0.9883571428571429
351,0.0,0.0,0.0045,0.9891428571428573
352,0.0,0.0,0.007000000000000001,0.9914285714285715
353,0.0,0.0,0.0045,0.9914285714285715
354,0.0,0.0,0.003999999999999999,0.9919285714285715
355,0.0,0.0,0.011,0.9892142857142858
356,0.0,0.0,0.006,0.9908571428571429
357,0.0,0.0,0.004499999999999999,0.9884285714285714
358,0.0,0.0,0.0025,0.9900000000000002
359,0.0,0.0,0.0034999999999999996,0.9901428571428572
360,0.0,0.0,0.006,0.9882857142857144
361,0.0,0.0,0.006500000000000001,0.9917142857142858
362,0.0,0.0,0.005,0.9919285714285715
363,0.0,0.0,0.006500000000000001,0.9907142857142857
364,0.0,0.0,0.0085,0.9897857142857143
365,0.0,0.0,0.004,0.9891428571428571
366,0.0,0.0,0.0045,0.985
367,0.0,0.0,0.0085,0.9890714285714286
368,0.0,0.0,0.0075,0.9874285714285715
369,0.0,0.0,0.009,0.9884285714285714
370,0.0,0.0,0.0045,0.99
371,0.0,0.0,0.0045,0.987857142857143
372,0.0,0.0,0.0055,0.986
373,0.0,0.0,0.010500000000000002,0.9903571428571429
374,0.0,0.0,0.0085,0.9927857142857144
375,0.0,0.0,0.006999999999999999,0.9919285714285715
376,0.0,0.0,0.005,0.9899285714285713
377,0.0,0.0,0.0105,0.9881428571428572
378,0.0,0.0,0.007000000000000001,0.9857142857142858
379,0.0,0.0,0.0055000000000000005,0.9897142857142858
380,0.0,0.0,0.008,0.9887142857142859
381,0.0,0.0,0.006,0.992
382,0.0,0.0,0.0075000000000000015,0.9882142857142857
383,0.0,0.0,0.014500000000000002,0.9896428571428573
384,0.0,0.0,0.009500000000000001,0.9902142857142857
385,0.0,0.0,0.0075,0.9915714285714285
386,0.0,0.0,0.0045,0.9926428571428572
387,0.0,0.0,0.007000000000000001,0.9925714285714287
388,0.0,0.0,0.006,0.9900714285714285
389,0.0,0.0,0.01,0.9882142857142857
390,0.0,0.0,0.012,0.9909999999999999
391,0.0,0.0,0.009,0.9884999999999999
392,0.0,0.0,0.0085,0.9912142857142856
393,0.0,0.0,0.0075000000000000015,0.9911428571428571
394,0.0,0.0,0.007000000000000001,0.9892857142857143
395,0.0,0.0,0.009,0.9902142857142857
396,0.0,0.0,0.0095,0.9907857142857142
397,0.0,0.0,0.009,0.9886428571428573
398,0.0,0.0,0.0055,0.9913571428571428
399,0.0,0.0,0.008000000000000002,0.9926428571428572
400,0.0,0.0,0.07500000000000001,0.9870714285714286
401,0.0,0.0,0.13100000000000003,0.989857142857143
402,0.0,0.0,0.2,0.9887857142857144
403,0.0,0.0,0.2600000000000001,0.9911428571428573
404,0.0,0.0,0.31700000000000017,0.9912857142857143
405,0.0,0.0,0.37700000000000033,0.9909285714285714
406,0.0,0.0,0.4490000000000004,0.9881428571428572
407,0.0,0.0,0.5030000000000004,0.9893571428571428
408,0.0,0.0,0.5450000000000004,0.9892142857142858
409,0.0,0.0,0.6170000000000005,0.9894285714285715
410,0.0,0.0,0.6830000000000006,0.9889999999999999
411,0.0,0.0,0.7460000000000007,0.9893571428571428
412,0.0,0.0,0.8070000000000006,0.9879285714285715
413,0.0,0.0,0.8750000000000007,0.989857142857143
414,0.0,0.0,0.9070000000000004,0.9869285714285714
415,0.0,0.0,0.9390000000000003,0.992
416,0.0,0.0,0.9560000000000001,0.9907142857142857
417,0.0,0.0,0.9705000000000001,0.9883571428571427
418,0.0,0.0,0.9780000000000001,0.9912142857142856
419,0.0,0.0,0.985,0.9877857142857143
420,0.0,0.0,0.9785,0.987857142857143
421,0.0,0.0,0.9834999999999999,0.9904285714285714
422,0.0,0.0,0.992,0.9879285714285715
423,0.0,0.0,0.9944999999999998,0.988142857142857
424,0.0,0.0,0.9834999999999999,0.9871428571428571
425,0.0,0.0,0.9829999999999999,0.9880714285714285
426,0.0,0.0,0.992,0.9912857142857143
427,0.0,0.0,0.9884999999999999,0.9900714285714287
428,0.0,0.0,0.9880000000000001,0.9917142857142858
429,0.0,0.0,0.9869999999999999,0.9904285714285714
430,0.0,0.0,0.9914999999999999,0.9895000000000002
431,0.0,0.0,0.9925,0.9882857142857144
432,0.0,0.0,0.9964999999999999,0.9899285714285715
433,0.0,0.0,0.992,0.9885714285714287
434,0.0,0.0,0.991,0.987857142857143
435,0.0,0.0,0.9869999999999999,0.9870714285714286
436,0.0,0.0,0.9894999999999999,0.989857142857143
437,0.0,0.0,0.9970000000000001,0.9908571428571429
438,0.0,0.0,0.9950000000000001,0.9886428571428572
439,0.0,0.0,0.9914999999999999,0.9929285714285714
440,0.0,0.0,0.991,0.9917142857142858
441,0.0,0.0,0.9845,0.9915
442,0.0,0.0,0.9819999999999999,0.9900714285714287
443,0.0,0.0,0.9844999999999999,0.9898571428571428
444,0.0,0.0,0.983,0.9871428571428571
445,0.0,0.0,0.9855,0.9917142857142858
446,0.0,0.0,0.985,0.989857142857143
447,0.0,0.0,0.9765,0.9909285714285714
448,0.0,0.0,0.9834999999999999,0.9857857142857143
449,0.0,0.0,0.9875,0.9892142857142858
450,0.0,0.0,0.9879999999999999,0.9908571428571429
451,0.0,0.0,0.9880000000000001,0.9877142857142859
452,0.0,0.0,0.9934999999999998,0.9882857142857142
453,0.0,0.0,0.9884999999999999,0.9852857142857143
454,0.0,0.0,0.9894999999999999,0.9915714285714285
455,0.0,0.0,0.9884999999999999,0.9890000000000001
456,0.0,0.0,0.986,0.9919285714285715
457,0.0,0.0,0.991,0.9915
458,0.0,0.0,0.9935,0.987642857142857
459,0.0,0.0,0.9934999999999998,0.9891428571428573
460,0.0,0.0,0.9914999999999999,0.9887857142857144
461,0.0,0.0,0.9945,0.9892857142857143
462,0.0,0.0,0.9849999999999998,0.9897142857142858
463,0.0,0.0,0.986,0.9884999999999999
464,0.0,0.0,0.9880000000000001,0.9870714285714286
465,0.0,0.0,0.991,0.9908571428571429
466,0.0,0.0,0.998,0.9901428571428572
467,0.0,0.0,0.9879999999999999,0.9872857142857144
468,0.0,0.0,0.99,0.9895
469,0.0,0.0,0.9899999999999999,0.9915
470,0.0,0.0,0.9829999999999999,0.9905714285714287
471,0.0,0.0,0.976,0.9890714285714287
472,0.0,0.0,0.9889999999999999,0.9900000000000002
473,0.0,0.0,0.9889999999999999,0.9904285714285714
474,0.0,0.0,0.9879999999999999,0.9920714285714285
475,0.0,0.0,0.9914999999999999,0.9899285714285715
476,0.0,0.0,0.9889999999999999,0.9894285714285713
477,0.0,0.0,0.9854999999999998,0.9892142857142858
478,0.0,0.0,0.9894999999999999,0.9893571428571428
479,0.0,0.0,0.9844999999999999,0.9896428571428573
480,0.0,0.0,0.991,0.9887142857142859
481,0.0,0.0,0.9799999999999999,0.9859285714285713
482,0.0,0.0,0.9880000000000001,0.9852142857142857
483,0.0,0.0,0.992,0.987857142857143
484,0.0,0.0,0.993,0.9872857142857144
485,0.0,0.0,0.9954999999999998,0.9858571428571429
486,0.0,0.0,0.9894999999999999,0.9880714285714285
487,0.0,0.0,0.9894999999999999,0.9877142857142858
488,0.0,0.0,0.9925,0.9901428571428572
489,0.0,0.0,0.983,0.9897142857142858
490,0.0,0.0,0.9884999999999999,0.9886428571428572
491,0.0,0.0,0.986,0.9859285714285713
492,0.0,0.0,0.993,0.9879285714285715
493,0.0,0.0,0.991,0.9891428571428571
494,0.0,0.0,0.9915,0.9887142857142857
495,0.0,0.0,0.9925,0.9867857142857144
496,0.0,0.0,0.9855,0.9885714285714287
497,0.0,0.0,0.99,0.9893571428571428
498,0.0,0.0,0.9915,0.9897142857142858
499,0.0,0.0,0.9854999999999998,0.9848571428571429
500,0.0,0.0,0.9855,0.9871428571428572
501,0.0,0.0,0.9794999999999998,0.9889285714285714
502,0.0,0.0,0.9795,0.9920714285714285
503,0.0,0.0,0.9904999999999999,0.991857142857143
504,0.0,0.0,0.9945,0.9896428571428573
505,0.0,0.0,0.983,0.9893571428571428
506,0.0,0.0,0.9879999999999999,0.9890000000000001
507,0.0,0.0,0.99,0.9890714285714286
508,0.0,0.0,0.984,0.9924999999999999
509,0.0,0.0,0.9865,0.9926428571428572
510,0.0,0.0,0.9894999999999999,0.9931428571428571
511,0.0,0.0,0.99,0.9867142857142857
512,0.0,0.0,0.9834999999999999,0.9847857142857143
513,0.0,0.0,0.984,0.9902857142857142
514,0.0,0.0,0.986,0.9917857142857145
515,0.0,0.0,0.9890000000000001,0.9875714285714285
516,0.0,0.0,0.9814999999999999,0.9901428571428572
517,0.0,0.0,0.9945,0.9907142857142857
518,0.0,0.0,0.9909999999999999,0.9931428571428573
519,0.0,0.0,0.9834999999999999,0.9884285714285714
520,0.0,0.0,0.992,0.9881428571428573
521,0.0,0.0,0.9944999999999998,0.9912857142857143
522,0.0,0.0,0.99,0.9914285714285713
523,0.0,0.0,0.9894999999999999,0.9907857142857142
524,0.0,0.0,0.9960000000000001,0.9902142857142857
525,0.0,0.0,0.992,0.9920714285714285
526,0.0,0.0,0.9964999999999999,0.9932142857142858
527,0.0,0.0,0.9925,0.9901428571428572
528,0.0,0.0,0.9964999999999999,0.9862857142857142
529,0.0,0.0,0.9915,0.9873571428571429
530,0.0,0.0,0.9995,0.9856428571428572
531,0.0,0.0,0.991,0.9872857142857143
532,0.0,0.0,0.9855,0.9857142857142858
533,0.0,0.0,0.9969999999999999,0.9860714285714286
534,0.0,0.0,0.9890000000000001,0.9919285714285715
535,0.0,0.0,0.9924999999999999,0.9905714285714287
536,0.0,0.0,0.9904999999999999,0.9885714285714284
537,0.0,0.0,0.986,0.9905000000000002
538,0.0,0.0,0.9804999999999999,0.9899285714285715
539,0.0,0.0,0.9744999999999999,0.9858571428571429
540,0.0,0.0,0.9950000000000001,0.9864285714285715
541,0.0,0.0,0.985,0.9899285714285715
542,0.0,0.0,0.9914999999999999,0.9939285714285715
543,0.0,0.0,0.9865,0.9887142857142859
544,0.0,0.0,0.993,0.9879285714285715
545,0.0,0.0,0.9884999999999998,0.9905714285714287
546,0.0,0.0,0.9879999999999999,0.9890714285714286
547,0.0,0.0,0.9810000000000001,0.9894285714285713
548,0.0,0.0,0.9835,0.9895714285714285
549,0.0,0.0,0.998,0.9917857142857143
550,0.0,0.0,0.992,0.9915714285714285
551,0.0,0.0,0.998,0.9891428571428573
552,0.0,0.0,0.9899999999999999,0.9885714285714284
553,0.0,0.0,0.9925,0.9884999999999999
554,0.0,0.0,0.9935,0.9880714285714285
555,0.0,0.0,0.9810000000000001,0.9910714285714286
556,0.0,0.0,0.9780000000000001,0.9882857142857144
557,0.0,0.0,0.9804999999999999,0.9867142857142857
558,0.0,0.0,0.991,0.9879285714285715
559,0.0,0.0,0.982,0.9897142857142858
560,0.0,0.0,0.9824999999999999,0.9867142857142857
561,0.0,0.0,0.9834999999999999,0.9889285714285714
562,0.0,0.0,0.9945,0.9887857142857144
563,0.0,0.0,0.9905000000000002,0.9893571428571428
564,0.0,0.0,0.986,0.9852142857142857
565,0.0,0.0,0.99,0.987642857142857
566,0.0,0.0,0.982,0.9885714285714284
567,0.0,0.0,0.9864999999999998,0.9894285714285715
568,0.0,0.0,0.9799999999999999,0.9889999999999999
569,0.0,0.0,0.9879999999999999,0.9875714285714285
570,0.0,0.0,0.9819999999999999,0.9882142857142857
571,0.0,0.0,0.986,0.9927857142857144
572,0.0,0.0,0.993,0.9912142857142856
573,0.0,0.0,0.9870000000000001,0.9898571428571428
574,0.0,0.0,0.9955,0.9901428571428572
575,0.0,0.0,0.9904999999999999,0.9877857142857144
576,0.0,0.0,0.9879999999999999,0.9897142857142858
577,0.0,0.0,0.9964999999999999,0.9858571428571429
578,0.0,0.0,0.9844999999999999,0.9904999999999999
579,0.0,0.0,0.9804999999999999,0.9915714285714285
580,0.0,0.0,0.9824999999999999,0.9910714285714286
581,0.0,0.0,0.992,0.9907857142857142
582,0.0,0.0,0.9955,0.9895
583,0.0,0.0,0.992,0.9917142857142858
584,0.0,0.0,0.9969999999999999,0.9908571428571429
585,0.0,0.0,0.9984999999999999,0.9892142857142858
586,0.0,0.0,0.9894999999999999,0.9889285714285716
587,0.0,0.0,0.993,0.9902857142857142
588,0.0,0.0,0.9894999999999999,0.9918571428571428
589,0.0,0.0,0.9875,0.9884999999999999
590,0.0,0.0,0.9935,0.982642857142857
591,0.0,0.0,0.9894999999999999,0.9867857142857142
592,0.0,0.0,0.9909999999999999,0.9890000000000001
593,0.0,0.0,0.993,0.9920714285714285
594,0.0,0.0,0.9974999999999999,0.9903571428571429
595,0.0,0.0,0.992,0.9886428571428573
596,0.0,0.0,0.9869999999999999,0.9872857142857143
597,0.0,0.0,0.9884999999999999,0.9875714285714285
598,0.0,0.0,0.9855,0.9894999999999998
599,0.0,0.0,0.9889999999999999,0.9877857142857143
600,0.0,0.0,0.9814999999999999,0.9856428571428572
601,0.0,0.0,0.9824999999999999,0.9903571428571429
602,0.0,0.0,0.9945,0.9900714285714287
603,0.0,0.0,0.9880000000000001,0.9882142857142858
604,0.0,0.0,0.9974999999999999,0.9884999999999999
605,0.0,0.0,0.991,0.9906428571428572
606,0.0,0.0,0.99,0.9904285714285714
607,0.0,0.0,0.99,0.9898571428571428
608,0.0,0.0,0.9844999999999999,0.9901428571428572
609,0.0,0.0,0.9879999999999999,0.9919285714285715
610,0.0,0.0,0.9865,0.9915
611,0.0,0.0,0.9914999999999999,0.9885714285714287
612,0.0,0.0,0.9865,0.9882857142857144
613,0.0,0.0,0.9865,0.9910000000000001
614,0.0,0.0,0.9949999999999999,0.9885000000000002
615,0.0,0.0,0.9810000000000001,0.9920714285714285
616,0.0,0.0,0.9894999999999999,0.9875714285714285
617,0.0,0.0,0.983,0.986142857142857
618,0.0,0.0,0.9935,0.9881428571428573
619,0.0,0.0,0.992,0.9887142857142859
620,0.0,0.0,0.999,0.990357142857143
621,0.0,0.0,0.9785,0.9875
622,0.0,0.0,0.9825000000000002,0.9892857142857143
623,0.0,0.0,0.9875,0.9909285714285716
624,0.0,0.0,0.9904999999999999,0.9865714285714287
625,0.0,0.0,0.9879999999999999,0.9888571428571429
626,0.0,0.0,0.9804999999999999,0.9907142857142857
627,0.0,0.0,0.9824999999999999,0.9909285714285716
628,0.0,0.0,0.977,0.9899285714285715
629,0.0,0.0,0.9865,0.9912142857142856
630,0.0,0.0,0.9824999999999999,0.9885714285714284
631,0.0,0.0,0.9890000000000001,0.987857142857143
632,0.0,0.0,0.991,0.9853571428571428
633,0.0,0.0,0.9809999999999999,0.9922857142857142
634,0.0,0.0,0.993,0.9902857142857142
635,0.0,0.0,0.9914999999999999,0.9888571428571429
636,0.0,0.0,0.99,0.9906428571428572
637,0.0,0.0,0.9890000000000001,0.9920714285714285
638,0.0,0.0,0.9905000000000002,0.9915714285714285
639,0.0,0.0,0.9925,0.989642857142857
640,0.0,0.0,0.9940000000000001,0.992142857142857
641,0.0,0.0,0.9904999999999999,0.9926428571428574
642,0.0,0.0,0.999,0.991357142857143
643,0.0,0.0,0.9869999999999999,0.9906428571428572
644,0.0,0.0,0.9880000000000001,0.9846428571428572
645,0.0,0.0,0.9904999999999999,0.988
646,0.0,0.0,0.9844999999999999,0.9883571428571429
647,0.0,0.0,0.9855,0.9883571428571429
648,0.0,0.0,0.9914999999999999,0.9911428571428571
649,0.0,0.0,0.9824999999999999,0.9867142857142857
650,0.0,0.0,0.9894999999999999,0.9862142857142857
651,0.0,0.0,0.9970000000000001,0.9898571428571428
652,0.0,0.0,0.994,0.9905714285714287
653,0.0,0.0,0.9875,0.9902142857142857
654,0.0,0.0,0.992,0.9874285714285715
655,0.0,0.0,0.9810000000000001,0.9894285714285713
656,0.0,0.0,0.9894999999999999,0.9901428571428572
657,0.0,0.0,0.992,0.9917857142857143
658,0.0,0.0,0.9935,0.9909285714285716
659,0.0,0.0,0.9879999999999999,0.9882857142857144
660,0.0,0.0,0.991,0.9896428571428573
661,0.0,0.0,0.9890000000000001,0.988
662,0.0,0.0,0.992,0.9875
663,0.0,0.0,0.9904999999999999,0.9877857142857143
664,0.0,0.0,0.9954999999999998,0.9895714285714285
665,0.0,0.0,0.994,0.9881428571428572
666,0.0,0.0,0.9805000000000001,0.987857142857143
667,0.0,0.0,0.9935,0.9892857142857143
668,0.0,0.0,0.9894999999999999,0.9905000000000002
669,0.0,0.0,0.9944999999999998,0.9907142857142857
670,0.0,0.0,0.9884999999999999,0.9907142857142857
671,0.0,0.0,0.9854999999999998,0.9910000000000001
672,0.0,0.0,0.984,0.9869285714285715
673,0.0,0.0,0.9860000000000001,0.988
674,0.0,0.0,0.9949999999999999,0.9910000000000001
675,0.0,0.0,0.9865,0.9904999999999999
676,0.0,0.0,0.9949999999999999,0.9882857142857144
677,0.0,0.0,0.9894999999999999,0.9892857142857143
678,0.0,0.0,0.9925,0.9887857142857142
679,0.0,0.0,0.998,0.9914285714285713
680,0.0,0.0,0.9905000000000002,0.9926428571428572
681,0.0,0.0,0.9914999999999999,0.9885714285714284
682,0.0,0.0,0.9904999999999999,0.9897857142857143
683,0.0,0.0,0.9889999999999999,0.9927857142857144
684,0.0,0.0,0.9865,0.9898571428571428
685,0.0,0.0,0.986,0.9887142857142857
686,0.0,0.0,0.991,0.9875714285714285
687,0.0,0.0,0.9945,0.9892142857142856
688,0.0,0.0,0.9914999999999999,0.9894285714285715
689,0.0,0.0,0.986,0.9901428571428572
690,0.0,0.0,0.9899999999999999,0.9891428571428573
691,0.0,0.0,0.9869999999999999,0.9888571428571429
692,0.0,0.0,0.9915,0.9942857142857142
693,0.0,0.0,0.991,0.99
694,0.0,0.0,0.9974999999999999,0.9871428571428571
695,0.0,0.0,0.9964999999999999,0.9919285714285715
696,0.0,0.0,0.993,0.989857142857143
697,0.0,0.0,0.9879999999999999,0.989642857142857
698,0.0,0.0,0.9865,0.9930000000000003
699,0.0,0.0,0.983,0.9920714285714285
700,0.0,0.0,0.9935,0.9907857142857142
701,0.0,0.0,0.994,0.9903571428571429
702,0.0,0.0,0.9964999999999999,0.9881428571428572
703,0.0,0.0,0.9935,0.9888571428571429
704,0.0,0.0,0.9935,0.9888571428571429
705,0.0,0.0,0.9870000000000001,0.9905000000000002
706,0.0,0.0,0.982,0.9917142857142858
707,0.0,0.0,0.9904999999999997,0.988
708,0.0,0.0,0.991,0.9892142857142856
709,0.0,0.0,0.992,0.9907857142857144
710,0.0,0.0,0.9899999999999999,0.9872142857142856
711,0.0,0.0,0.985,0.9893571428571428
712,0.0,0.0,0.9865,0.988
713,0.0,0.0,0.9925,0.9882857142857142
714,0.0,0.0,0.9934999999999998,0.987642857142857
715,0.0,0.0,0.9879999999999999,0.9900714285714287
716,0.0,0.0,0.9925,0.9911428571428571
717,0.0,0.0,0.9884999999999999,0.9910714285714286
718,0.0,0.0,0.9890000000000001,0.9885714285714287
719,0.0,0.0,0.9935,0.9875
720,0.0,0.0,0.994,0.9884999999999999
721,0.0,0.0,0.9935,0.9896428571428573
722,0.0,0.0,0.9875,0.9937857142857143
723,0.0,0.0,0.9879999999999999,0.9904999999999999
724,0.0,0.0,0.9865,0.9934285714285713
725,0.0,0.0,0.9880000000000001,0.988142857142857
726,0.0,0.0,0.9774999999999998,0.9897142857142858
727,0.0,0.0,0.9824999999999999,0.993642857142857
728,0.0,0.0,0.994,0.9899285714285715
729,0.0,0.0,0.983,0.991642857142857
730,0.0,0.0,0.9905000000000002,0.991357142857143
731,0.0,0.0,0.9809999999999999,0.9909285714285716
732,0.0,0.0,0.993,0.9906428571428572
733,0.0,0.0,0.991,0.9892857142857143
734,0.0,0.0,0.9889999999999999,0.9895
735,0.0,0.0,0.9890000000000001,0.9889285714285714
736,0.0,0.0,0.9844999999999999,0.9869285714285714
737,0.0,0.0,0.986,0.9887142857142859
738,0.0,0.0,0.9960000000000001,0.9852142857142857
739,0.0,0.0,0.992,0.9871428571428571
740,0.0,0.0,0.992,0.9841428571428571
741,0.0,0.0,0.9894999999999999,0.9895714285714288
742,0.0,0.0,0.9984999999999999,0.9892142857142858
743,0.0,0.0,0.9879999999999999,0.9884285714285714
744,0.0,0.0,0.977,0.9903571428571429
745,0.0,0.0,0.985,0.9910714285714286
746,0.0,0.0,0.976,0.9883571428571429
747,0.0,0.0,0.9884999999999999,0.9892142857142858
748,0.0,0.0,0.9809999999999999,0.9903571428571427
749,0.0,0.0,0.9809999999999999,0.9896428571428573
750,0.0,0.0,0.986,0.9897142857142858
751,0.0,0.0,0.9924999999999999,0.9885714285714284
752,0.0,0.0,0.9879999999999999,0.9856428571428572
753,0.0,0.0,0.9810000000000001,0.9927142857142859
754,0.0,0.0,0.9934999999999998,0.9906428571428572
755,0.0,0.0,0.993,0.9895
756,0.0,0.0,0.9890000000000001,0.9865
757,0.0,0.0,0.9799999999999999,0.9867857142857144
758,0.0,0.0,0.9785,0.9887857142857144
759,0.0,0.0,0.99,0.9891428571428573
760,0.0,0.0,0.9890000000000001,0.9912857142857143
761,0.0,0.0,0.9804999999999999,0.9884285714285714
762,0.0,0.0,0.9845,0.9881428571428572
763,0.0,0.0,0.9879999999999999,0.9911428571428571
764,0.0,0.0,0.9924999999999999,0.9909285714285714
765,0.0,0.0,0.9914999999999997,0.9874285714285715
766,0.0,0.0,0.986,0.9910714285714286
767,0.0,0.0,0.9895000000000002,0.9891428571428571
768,0.0,0.0,0.9959999999999999,0.9883571428571429
769,0.0,0.0,0.9945,0.9842857142857142
770,0.0,0.0,0.993,0.9892142857142858
771,0.0,0.0,0.99,0.9903571428571429
772,0.0,0.0,0.9865,0.9891428571428573
773,0.0,0.0,0.9875,0.9897857142857145
774,0.0,0.0,0.9924999999999999,0.9915714285714285
775,0.0,0.0,0.991,0.9902142857142857
776,0.0,0.0,0.9960000000000001,0.9924285714285714
777,0.0,0.0,0.994,0.9910714285714286
778,0.0,0.0,0.9875,0.9909999999999999
779,0.0,0.0,0.99,0.9888571428571429
780,0.0,0.0,0.9969999999999999,0.9911428571428571
781,0.0,0.0,0.991,0.9908571428571429
782,0.0,0.0,0.993,0.9915714285714285
783,0.0,0.0,0.9879999999999999,0.99
784,0.0,0.0,0.994,0.9908571428571429
785,0.0,0.0,0.9904999999999999,0.9857142857142858
786,0.0,0.0,0.99,0.9847142857142857
787,0.0,0.0,0.9850000000000001,0.9849285714285715
788,0.0,0.0,0.9775,0.9873571428571428
789,0.0,0.0,0.985,0.9903571428571429
790,0.0,0.0,0.9914999999999999,0.9884285714285714
791,0.0,0.0,0.9904999999999999,0.9898571428571428
792,0.0,0.0,0.9894999999999999,0.9919285714285715
793,0.0,0.0,0.9875,0.9887142857142857
794,0.0,0.0,0.998,0.9907857142857142
795,0.0,0.0,0.9955,0.9913571428571428
796,0.0,0.0,0.9899999999999999,0.9910714285714286
797,0.0,0.0,0.9875,0.9907857142857144
798,0.0,0.0,0.998,0.9882142857142857
799,0.0,0.0,0.9905000000000002,0.9919285714285715
800,0.0,0.0,0.9814999999999999,0.9909285714285714
801,0.0,0.0,0.9935,0.9914285714285715
802,0.0,0.0,0.9884999999999999,0.9887142857142859
803,0.0,0.0,0.9925,0.9905714285714287
804,0.0,0.0,0.9875,0.9877857142857143
805,0.0,0.0,0.992,0.989857142857143
806,0.0,0.0,0.9904999999999999,0.9863571428571429
807,0.0,0.0,0.998,0.9906428571428572
808,0.0,0.0,0.9940000000000001,0.9902142857142857
809,0.0,0.0,0.994,0.988
810,0.0,0.0,0.9974999999999999,0.9863571428571427
811,0.0,0.0,0.9889999999999999,0.9895714285714285
812,0.0,0.0,0.9884999999999999,0.9867857142857144
813,0.0,0.0,0.9904999999999999,0.9904285714285714
814,0.0,0.0,0.9875,0.9896428571428573
815,0.0,0.0,0.9834999999999999,0.9907857142857142
816,0.0,0.0,0.9835,0.9900714285714287
817,0.0,0.0,0.992,0.9891428571428573
818,0.0,0.0,0.99,0.9907142857142857
819,0.0,0.0,0.9955,0.9919285714285715
820,0.0,0.0,0.9810000000000001,0.99
821,0.0,0.0,0.9875,0.9871428571428571
822,0.0,0.0,0.992,0.9855
823,0.0,0.0,0.994,0.99
824,0.0,0.0,0.9914999999999999,0.9868571428571429
825,0.0,0.0,0.9945,0.9887142857142859
826,0.0,0.0,0.9935,0.9882857142857144
827,0.0,0.0,0.9829999999999999,0.9907857142857144
828,0.0,0.0,0.9904999999999999,0.9912857142857141
829,0.0,0.0,0.99,0.991642857142857
830,0.0,0.0,0.9995,0.9902857142857142
831,0.0,0.0,0.9949999999999999,0.987642857142857
832,0.0,0.0,0.9924999999999999,0.9895714285714288
833,0.0,0.0,0.986,0.9855
834,0.0,0.0,0.9949999999999999,0.9865
835,0.0,0.0,0.9949999999999999,0.9883571428571429
836,0.0,0.0,0.9829999999999999,0.9909285714285716
837,0.0,0.0,0.986,0.9890000000000001
838,0.0,0.0,0.984,0.9891428571428573
839,0.0,0.0,0.9834999999999999,0.9874285714285715
840,0.0,0.0,0.9855,0.9890714285714286
841,0.0,0.0,0.9970000000000001,0.9885714285714287
842,0.0,0.0,0.9920000000000002,0.9940000000000002
843,0.0,0.0,0.99,0.9897142857142858
844,0.0,0.0,0.994,0.9901428571428572
845,0.0,0.0,0.9884999999999999,0.9929285714285714
846,0.0,0.0,0.9914999999999999,0.9903571428571427
847,0.0,0.0,0.9890000000000001,0.9903571428571429
848,0.0,0.0,0.9890000000000001,0.9889285714285714
849,0.0,0.0,0.9879999999999999,0.9890714285714286
850,0.0,0.0,0.9894999999999999,0.9893571428571428
851,0.0,0.0,0.9845,0.9912857142857143
852,0.0,0.0,0.9900000000000002,0.987857142857143
853,0.0,0.0,0.9874999999999998,0.9914285714285715
854,0.0,0.0,0.9945,0.9893571428571428
855,0.0,0.0,0.9865,0.987857142857143
856,0.0,0.0,0.9905000000000002,0.9853571428571428
857,0.0,0.0,0.994,0.9849285714285714
858,0.0,0.0,0.9945,0.9875714285714285
859,0.0,0.0,0.9805000000000001,0.9904285714285717
860,0.0,0.0,0.9949999999999999,0.9915
861,0.0,0.0,0.9875,0.9892857142857143
862,0.0,0.0,0.9809999999999999,0.9886428571428572
863,0.0,0.0,0.991,0.9854285714285713
864,0.0,0.0,0.985,0.9852857142857143
865,0.0,0.0,0.986,0.9893571428571428
866,0.0,0.0,0.9884999999999999,0.9880714285714285
867,0.0,0.0,0.9914999999999999,0.9884999999999999
868,0.0,0.0,0.9919999999999998,0.9875714285714285
869,0.0,0.0,0.9925,0.9892857142857143
870,0.0,0.0,0.9835,0.9870000000000001
871,0.0,0.0,0.9824999999999999,0.9887857142857144
872,0.0,0.0,0.9914999999999999,0.9865714285714287
873,0.0,0.0,0.9865,0.9880714285714285
874,0.0,0.0,0.99,0.9905000000000002
875,0.0,0.0,0.9849999999999998,0.9905714285714287
876,0.0,0.0,0.984,0.9874285714285715
877,0.0,0.0,0.9964999999999999,0.9858571428571428
878,0.0,0.0,0.9934999999999998,0.9893571428571428
879,0.0,0.0,0.9974999999999999,0.9862857142857142
880,0.0,0.0,0.9949999999999999,0.9902857142857142
881,0.0,0.0,0.9969999999999999,0.9894285714285713
882,0.0,0.0,0.991,0.9900714285714287
883,0.0,0.0,0.9914999999999999,0.9892857142857143
884,0.0,0.0,0.9914999999999999,0.9884999999999999
885,0.0,0.0,0.992,0.9885714285714287
886,0.0,0.0,0.9884999999999999,0.9898571428571428
887,0.0,0.0,0.9969999999999999,0.9882142857142857
888,0.0,0.0,0.9889999999999999,0.9889285714285714
889,0.0,0.0,0.991,0.99
890,0.0,0.0,0.9905000000000002,0.9895714285714285
891,0.0,0.0,0.9945,0.9933571428571428
892,0.0,0.0,0.991,0.9872142857142858
893,0.0,0.0,0.986,0.9884999999999999
894,0.0,0.0,0.9819999999999999,0.9848571428571429
895,0.0,0.0,0.9865,0.9888571428571429
896,0.0,0.0,0.984,0.9913571428571428
897,0.0,0.0,0.994,0.9873571428571428
898,0.0,0.0,0.9860000000000001,0.9836428571428572
899,0.0,0.0,0.983,0.9900714285714287
900,0.0,0.0,0.9825000000000002,0.9922142857142857
901,0.0,0.0,0.9795,0.9892857142857143
902,0.0,0.0,0.9854999999999998,0.9865
903,0.0,0.0,0.9925,0.9861428571428572
904,0.0,0.0,0.9799999999999999,0.9897142857142858
905,0.0,0.0,0.9804999999999999,0.9838571428571429
906,0.0,0.0,0.9884999999999999,0.9876428571428573
907,0.0,0.0,0.985,0.9910714285714286
908,0.0,0.0,0.9889999999999999,0.9872142857142858
909,0.0,0.0,0.9935,0.9864999999999999
910,0.0,0.0,0.9970000000000001,0.9843571428571428
911,0.0,0.0,0.9884999999999998,0.9856428571428572
912,0.0,0.0,0.9944999999999998,0.9875
913,0.0,0.0,0.9964999999999999,0.9905000000000002
914,0.0,0.0,0.992,0.9895714285714285
915,0.0,0.0,0.993,0.9918571428571428
916,0.0,0.0,0.9945,0.9852857142857143
917,0.0,0.0,0.9945,0.9890000000000001
918,0.0,0.0,0.9984999999999999,0.9892857142857143
919,0.0,0.0,0.9884999999999999,0.9867142857142858
920,0.0,0.0,0.9855,0.9882857142857144
921,0.0,0.0,0.9935,0.9842142857142857
922,0.0,0.0,0.9904999999999999,0.986857142857143
923,0.0,0.0,0.9945,0.9844285714285714
924,0.0,0.0,0.9970000000000001,0.99
925,0.0,0.0,0.9884999999999999,0.9879285714285715
926,0.0,0.0,0.9784999999999998,0.9890714285714284
927,0.0,0.0,0.984,0.9888571428571429
928,0.0,0.0,0.9890000000000001,0.9879285714285715
929,0.0,0.0,0.9804999999999999,0.9912857142857143
930,0.0,0.0,0.9804999999999999,0.9922142857142859
931,0.0,0.0,0.9795,0.9904285714285714
932,0.0,0.0,0.983,0.9892857142857143
933,0.0,0.0,0.9869999999999999,0.9912142857142856
934,0.0,0.0,0.994,0.9895714285714285
935,0.0,0.0,0.9784999999999998,0.9899285714285713
936,0.0,0.0,0.9865,0.9918571428571428
937,0.0,0.0,0.9945,0.9894285714285713
938,0.0,0.0,0.9884999999999999,0.9915
939,0.0,0.0,0.982,0.9895
940,0.0,0.0,0.985,0.9845714285714285
941,0.0,0.0,0.9864999999999998,0.9908571428571431
942,0.0,0.0,0.993,0.9899285714285715
943,0.0,0.0,0.99,0.9897142857142858
944,0.0,0.0,0.9845,0.9852142857142857
945,0.0,0.0,0.9894999999999999,0.9907857142857144
946,0.0,0.0,0.9875,0.9903571428571429
947,0.0,0.0,0.9955,0.9886428571428572
948,0.0,0.0,0.986,0.9906428571428572
949,0.0,0.0,0.9834999999999999,0.9892142857142858
950,0.0,0.0,0.9884999999999999,0.9904285714285714
951,0.0,0.0,0.9854999999999998,0.9867857142857144
952,0.0,0.0,0.9925,0.9879285714285715
953,0.0,0.0,0.9824999999999999,0.9909285714285714
954,0.0,0.0,0.9814999999999999,0.9893571428571428
955,0.0,0.0,0.9765,0.9908571428571431
956,0.0,0.0,0.9804999999999999,0.9917857142857143
957,0.0,0.0,0.991,0.9904285714285714
958,0.0,0.0,0.9934999999999998,0.99
959,0.0,0.0,0.9955,0.9845714285714285
960,0.0,0.0,0.9879999999999999,0.9897142857142858
961,0.0,0.0,0.992,0.9921428571428572
962,0.0,0.0,0.9879999999999999,0.987642857142857
963,0.0,0.0,0.9875,0.9897142857142858
964,0.0,0.0,0.99,0.9888571428571429
965,0.0,0.0,0.99,0.9900714285714287
966,0.0,0.0,0.9970000000000001,0.9896428571428573
967,0.0,0.0,0.9890000000000001,0.991642857142857
968,0.0,0.0,0.9684999999999999,0.9912857142857143
969,0.0,0.0,0.9880000000000001,0.9917857142857145
970,0.0,0.0,0.986,0.987642857142857
971,0.0,0.0,0.993,0.9867857142857142
972,0.0,0.0,0.9814999999999999,0.9864999999999997
973,0.0,0.0,0.9884999999999999,0.9855
974,0.0,0.0,0.9934999999999998,0.9892857142857143
975,0.0,0.0,0.9880000000000001,0.9884999999999999
976,0.0,0.0,0.978,0.9870714285714287
977,0.0,0.0,0.9799999999999999,0.9867142857142857
978,0.0,0.0,0.991,0.9864285714285714
979,0.0,0.0,0.9959999999999999,0.9895714285714285
980,0.0,0.0,0.9795,0.9922142857142857
981,0.0,0.0,0.978,0.9897857142857143
982,0.0,0.0,0.9734999999999999,0.9907142857142857
983,0.0,0.0,0.9824999999999999,0.9924999999999999
984,0.0,0.0,0.9894999999999999,0.9912857142857143
985,0.0,0.0,0.992,0.9892857142857143
986,0.0,0.0,0.9914999999999999,0.9914285714285715
987,0.0,0.0,0.9755,0.9902142857142857
988,0.0,0.0,0.9800000000000001,0.9871428571428572
989,0.0,0.0,0.9809999999999999,0.9876428571428573
990,0.0,0.0,0.992,0.9880714285714285
991,0.0,0.0,0.9884999999999999,0.9920714285714285
992,0.0,0.0,0.9764999999999999,0.992
993,0.0,0.0,0.9844999999999999,0.9912857142857143
994,0.0,0.0,0.9960000000000001,0.9885000000000002
995,0.0,0.0,0.984,0.9905714285714287
996,0.0,0.0,0.993,0.9896428571428573
997,0.0,0.0,0.9884999999999999,0.9887857142857144
998,0.0,0.0,0.9924999999999999,0.9867142857142857
999,0.0,0.0,0.9890000000000001,0.9890714285714286
